ts,pred_llamadas,pred_tmo_seg
2025-09-01 00:00:00,7,234
2025-09-01 01:00:00,4,236
2025-09-01 02:00:00,3,237
2025-09-01 03:00:00,2,236
2025-09-01 04:00:00,2,234
2025-09-01 05:00:00,4,232
2025-09-01 06:00:00,8,229
2025-09-01 07:00:00,28,229
2025-09-01 08:00:00,98,231
2025-09-01 09:00:00,164,233
2025-09-01 10:00:00,196,234
2025-09-01 11:00:00,201,237
2025-09-01 12:00:00,197,239
2025-09-01 13:00:00,189,241
2025-09-01 14:00:00,178,242
2025-09-01 15:00:00,168,242
2025-09-01 16:00:00,158,241
2025-09-01 17:00:00,147,240
2025-09-01 18:00:00,133,239
2025-09-01 19:00:00,119,238
2025-09-01 20:00:00,105,237
2025-09-01 21:00:00,74,236
2025-09-01 22:00:00,41,235
2025-09-01 23:00:00,19,235
2025-09-02 00:00:00,10,244
2025-09-02 01:00:00,5,242
2025-09-02 02:00:00,4,240
2025-09-02 03:00:00,3,238
2025-09-02 04:00:00,4,237
2025-09-02 05:00:00,5,236
2025-09-02 06:00:00,11,235
2025-09-02 07:00:00,30,234
2025-09-02 08:00:00,90,235
2025-09-02 09:00:00,152,237
2025-09-02 10:00:00,194,239
2025-09-02 11:00:00,200,242
2025-09-02 12:00:00,196,245
2025-09-02 13:00:00,189,246
2025-09-02 14:00:00,180,248
2025-09-02 15:00:00,174,248
2025-09-02 16:00:00,165,248
2025-09-02 17:00:00,153,248
2025-09-02 18:00:00,140,248
2025-09-02 19:00:00,126,248
2025-09-02 20:00:00,112,249
2025-09-02 21:00:00,80,249
2025-09-02 22:00:00,51,248
2025-09-02 23:00:00,24,246
2025-09-03 00:00:00,12,245
2025-09-03 01:00:00,7,242
2025-09-03 02:00:00,5,240
2025-09-03 03:00:00,4,238
2025-09-03 04:00:00,4,236
2025-09-03 05:00:00,5,234
2025-09-03 06:00:00,10,233
2025-09-03 07:00:00,28,233
2025-09-03 08:00:00,89,234
2025-09-03 09:00:00,150,236
2025-09-03 10:00:00,193,238
2025-09-03 11:00:00,202,240
2025-09-03 12:00:00,198,243
2025-09-03 13:00:00,192,245
2025-09-03 14:00:00,188,245
2025-09-03 15:00:00,183,246
2025-09-03 16:00:00,174,248
2025-09-03 17:00:00,162,249
2025-09-03 18:00:00,147,250
2025-09-03 19:00:00,132,250
2025-09-03 20:00:00,111,251
2025-09-03 21:00:00,77,251
2025-09-03 22:00:00,49,250
2025-09-03 23:00:00,25,247
2025-09-04 00:00:00,13,245
2025-09-04 01:00:00,6,242
2025-09-04 02:00:00,4,239
2025-09-04 03:00:00,3,237
2025-09-04 04:00:00,4,236
2025-09-04 05:00:00,6,235
2025-09-04 06:00:00,13,234
2025-09-04 07:00:00,36,233
2025-09-04 08:00:00,98,235
2025-09-04 09:00:00,155,237
2025-09-04 10:00:00,197,240
2025-09-04 11:00:00,205,242
2025-09-04 12:00:00,203,245
2025-09-04 13:00:00,194,247
2025-09-04 14:00:00,186,248
2025-09-04 15:00:00,179,249
2025-09-04 16:00:00,170,251
2025-09-04 17:00:00,157,252
2025-09-04 18:00:00,142,252
2025-09-04 19:00:00,128,252
2025-09-04 20:00:00,111,252
2025-09-04 21:00:00,77,252
2025-09-04 22:00:00,49,251
2025-09-04 23:00:00,30,249
2025-09-05 00:00:00,13,242
2025-09-05 01:00:00,6,240
2025-09-05 02:00:00,5,238
2025-09-05 03:00:00,3,236
2025-09-05 04:00:00,3,234
2025-09-05 05:00:00,5,233
2025-09-05 06:00:00,12,232
2025-09-05 07:00:00,37,233
2025-09-05 08:00:00,93,234
2025-09-05 09:00:00,150,236
2025-09-05 10:00:00,183,238
2025-09-05 11:00:00,190,242
2025-09-05 12:00:00,188,244
2025-09-05 13:00:00,182,246
2025-09-05 14:00:00,176,248
2025-09-05 15:00:00,169,248
2025-09-05 16:00:00,160,249
2025-09-05 17:00:00,148,250
2025-09-05 18:00:00,133,250
2025-09-05 19:00:00,119,249
2025-09-05 20:00:00,99,248
2025-09-05 21:00:00,66,248
2025-09-05 22:00:00,44,247
2025-09-05 23:00:00,28,245
2025-09-06 00:00:00,14,241
2025-09-06 01:00:00,6,239
2025-09-06 02:00:00,5,237
2025-09-06 03:00:00,4,235
2025-09-06 04:00:00,4,234
2025-09-06 05:00:00,4,233
2025-09-06 06:00:00,8,232
2025-09-06 07:00:00,19,231
2025-09-06 08:00:00,40,232
2025-09-06 09:00:00,66,233
2025-09-06 10:00:00,101,233
2025-09-06 11:00:00,108,235
2025-09-06 12:00:00,105,236
2025-09-06 13:00:00,101,237
2025-09-06 14:00:00,96,239
2025-09-06 15:00:00,93,241
2025-09-06 16:00:00,93,242
2025-09-06 17:00:00,92,244
2025-09-06 18:00:00,90,245
2025-09-06 19:00:00,87,245
2025-09-06 20:00:00,75,245
2025-09-06 21:00:00,56,245
2025-09-06 22:00:00,43,244
2025-09-06 23:00:00,29,242
2025-09-07 01:00:00,6,239
2025-09-07 02:00:00,5,239
2025-09-07 03:00:00,4,237
2025-09-07 04:00:00,4,233
2025-09-07 05:00:00,3,229
2025-09-07 06:00:00,4,228
2025-09-07 07:00:00,11,228
2025-09-07 08:00:00,30,229
2025-09-07 09:00:00,50,230
2025-09-07 10:00:00,71,231
2025-09-07 11:00:00,72,232
2025-09-07 12:00:00,69,233
2025-09-07 13:00:00,68,235
2025-09-07 14:00:00,67,237
2025-09-07 15:00:00,68,240
2025-09-07 16:00:00,72,242
2025-09-07 17:00:00,77,243
2025-09-07 18:00:00,81,244
2025-09-07 19:00:00,83,244
2025-09-07 20:00:00,82,243
2025-09-07 21:00:00,72,243
2025-09-07 22:00:00,49,242
2025-09-07 23:00:00,29,242
2025-09-08 00:00:00,7,234
2025-09-08 01:00:00,4,236
2025-09-08 02:00:00,3,237
2025-09-08 03:00:00,2,236
2025-09-08 04:00:00,2,234
2025-09-08 05:00:00,4,232
2025-09-08 06:00:00,8,229
2025-09-08 07:00:00,28,229
2025-09-08 08:00:00,98,231
2025-09-08 09:00:00,164,233
2025-09-08 10:00:00,196,234
2025-09-08 11:00:00,201,237
2025-09-08 12:00:00,197,239
2025-09-08 13:00:00,189,241
2025-09-08 14:00:00,178,242
2025-09-08 15:00:00,168,242
2025-09-08 16:00:00,158,241
2025-09-08 17:00:00,147,240
2025-09-08 18:00:00,133,239
2025-09-08 19:00:00,119,238
2025-09-08 20:00:00,105,237
2025-09-08 21:00:00,74,236
2025-09-08 22:00:00,41,235
2025-09-08 23:00:00,19,235
2025-09-09 00:00:00,10,244
2025-09-09 01:00:00,5,242
2025-09-09 02:00:00,4,240
2025-09-09 03:00:00,3,238
2025-09-09 04:00:00,4,237
2025-09-09 05:00:00,5,236
2025-09-09 06:00:00,11,235
2025-09-09 07:00:00,30,234
2025-09-09 08:00:00,90,235
2025-09-09 09:00:00,152,237
2025-09-09 10:00:00,194,239
2025-09-09 11:00:00,200,242
2025-09-09 12:00:00,196,245
2025-09-09 13:00:00,189,246
2025-09-09 14:00:00,180,248
2025-09-09 15:00:00,174,248
2025-09-09 16:00:00,165,248
2025-09-09 17:00:00,153,248
2025-09-09 18:00:00,140,248
2025-09-09 19:00:00,126,248
2025-09-09 20:00:00,112,249
2025-09-09 21:00:00,80,249
2025-09-09 22:00:00,51,248
2025-09-09 23:00:00,24,246
2025-09-10 00:00:00,12,245
2025-09-10 01:00:00,7,242
2025-09-10 02:00:00,5,240
2025-09-10 03:00:00,4,238
2025-09-10 04:00:00,4,236
2025-09-10 05:00:00,5,234
2025-09-10 06:00:00,10,233
2025-09-10 07:00:00,28,233
2025-09-10 08:00:00,89,234
2025-09-10 09:00:00,150,236
2025-09-10 10:00:00,193,238
2025-09-10 11:00:00,202,240
2025-09-10 12:00:00,198,243
2025-09-10 13:00:00,192,245
2025-09-10 14:00:00,188,245
2025-09-10 15:00:00,183,246
2025-09-10 16:00:00,174,248
2025-09-10 17:00:00,162,249
2025-09-10 18:00:00,147,250
2025-09-10 19:00:00,132,250
2025-09-10 20:00:00,111,251
2025-09-10 21:00:00,77,251
2025-09-10 22:00:00,49,250
2025-09-10 23:00:00,25,247
2025-09-11 00:00:00,13,245
2025-09-11 01:00:00,6,242
2025-09-11 02:00:00,4,239
2025-09-11 03:00:00,3,237
2025-09-11 04:00:00,4,236
2025-09-11 05:00:00,6,235
2025-09-11 06:00:00,13,234
2025-09-11 07:00:00,36,233
2025-09-11 08:00:00,98,235
2025-09-11 09:00:00,155,237
2025-09-11 10:00:00,197,240
2025-09-11 11:00:00,205,242
2025-09-11 12:00:00,203,245
2025-09-11 13:00:00,194,247
2025-09-11 14:00:00,186,248
2025-09-11 15:00:00,179,249
2025-09-11 16:00:00,170,251
2025-09-11 17:00:00,157,252
2025-09-11 18:00:00,142,252
2025-09-11 19:00:00,128,252
2025-09-11 20:00:00,111,252
2025-09-11 21:00:00,77,252
2025-09-11 22:00:00,49,251
2025-09-11 23:00:00,30,249
2025-09-12 00:00:00,13,242
2025-09-12 01:00:00,6,240
2025-09-12 02:00:00,5,238
2025-09-12 03:00:00,3,236
2025-09-12 04:00:00,3,234
2025-09-12 05:00:00,5,233
2025-09-12 06:00:00,12,232
2025-09-12 07:00:00,37,233
2025-09-12 08:00:00,93,234
2025-09-12 09:00:00,150,236
2025-09-12 10:00:00,183,238
2025-09-12 11:00:00,190,242
2025-09-12 12:00:00,188,244
2025-09-12 13:00:00,182,246
2025-09-12 14:00:00,176,248
2025-09-12 15:00:00,169,248
2025-09-12 16:00:00,160,249
2025-09-12 17:00:00,148,250
2025-09-12 18:00:00,133,250
2025-09-12 19:00:00,119,249
2025-09-12 20:00:00,99,248
2025-09-12 21:00:00,66,248
2025-09-12 22:00:00,44,247
2025-09-12 23:00:00,28,245
2025-09-13 00:00:00,14,241
2025-09-13 01:00:00,6,239
2025-09-13 02:00:00,5,237
2025-09-13 03:00:00,4,235
2025-09-13 04:00:00,4,234
2025-09-13 05:00:00,4,233
2025-09-13 06:00:00,8,232
2025-09-13 07:00:00,19,231
2025-09-13 08:00:00,40,232
2025-09-13 09:00:00,66,233
2025-09-13 10:00:00,101,233
2025-09-13 11:00:00,108,235
2025-09-13 12:00:00,105,236
2025-09-13 13:00:00,101,237
2025-09-13 14:00:00,96,239
2025-09-13 15:00:00,93,241
2025-09-13 16:00:00,93,242
2025-09-13 17:00:00,92,244
2025-09-13 18:00:00,90,245
2025-09-13 19:00:00,87,245
2025-09-13 20:00:00,75,245
2025-09-13 21:00:00,56,245
2025-09-13 22:00:00,43,244
2025-09-13 23:00:00,29,242
2025-09-14 00:00:00,11,240
2025-09-14 01:00:00,6,239
2025-09-14 02:00:00,5,239
2025-09-14 03:00:00,4,237
2025-09-14 04:00:00,4,233
2025-09-14 05:00:00,3,229
2025-09-14 06:00:00,4,228
2025-09-14 07:00:00,11,228
2025-09-14 08:00:00,30,229
2025-09-14 09:00:00,50,230
2025-09-14 10:00:00,71,231
2025-09-14 11:00:00,72,232
2025-09-14 12:00:00,69,233
2025-09-14 13:00:00,68,235
2025-09-14 14:00:00,67,237
2025-09-14 15:00:00,68,240
2025-09-14 16:00:00,72,242
2025-09-14 17:00:00,77,243
2025-09-14 18:00:00,81,244
2025-09-14 19:00:00,83,244
2025-09-14 20:00:00,82,243
2025-09-14 21:00:00,72,243
2025-09-14 22:00:00,49,242
2025-09-14 23:00:00,29,242
2025-09-15 00:00:00,7,234
2025-09-15 01:00:00,4,236
2025-09-15 02:00:00,3,237
2025-09-15 03:00:00,2,236
2025-09-15 04:00:00,2,234
2025-09-15 05:00:00,4,232
2025-09-15 06:00:00,8,229
2025-09-15 07:00:00,28,229
2025-09-15 08:00:00,98,231
2025-09-15 09:00:00,164,233
2025-09-15 10:00:00,196,234
2025-09-15 11:00:00,201,237
2025-09-15 12:00:00,197,239
2025-09-15 13:00:00,189,241
2025-09-15 14:00:00,178,242
2025-09-15 15:00:00,168,242
2025-09-15 16:00:00,158,241
2025-09-15 17:00:00,147,240
2025-09-15 18:00:00,133,239
2025-09-15 19:00:00,119,238
2025-09-15 20:00:00,105,237
2025-09-15 21:00:00,74,236
2025-09-15 22:00:00,41,235
2025-09-15 23:00:00,19,235
2025-09-16 00:00:00,10,244
2025-09-16 01:00:00,5,242
2025-09-16 02:00:00,4,240
2025-09-16 03:00:00,3,238
2025-09-16 04:00:00,4,237
2025-09-16 05:00:00,5,236
2025-09-16 06:00:00,11,235
2025-09-16 07:00:00,30,234
2025-09-16 08:00:00,90,235
2025-09-16 09:00:00,152,237
2025-09-16 10:00:00,194,239
2025-09-16 11:00:00,200,242
2025-09-16 12:00:00,196,245
2025-09-16 13:00:00,189,246
2025-09-16 14:00:00,180,248
2025-09-16 15:00:00,174,248
2025-09-16 16:00:00,165,248
2025-09-16 17:00:00,153,248
2025-09-16 18:00:00,140,248
2025-09-16 19:00:00,126,248
2025-09-16 20:00:00,112,249
2025-09-16 21:00:00,80,249
2025-09-16 22:00:00,51,248
2025-09-16 23:00:00,24,246
2025-09-17 00:00:00,12,245
2025-09-17 01:00:00,7,242
2025-09-17 02:00:00,5,240
2025-09-17 03:00:00,4,238
2025-09-17 04:00:00,4,236
2025-09-17 05:00:00,5,234
2025-09-17 06:00:00,10,233
2025-09-17 07:00:00,28,233
2025-09-17 08:00:00,89,234
2025-09-17 09:00:00,150,236
2025-09-17 10:00:00,193,238
2025-09-17 11:00:00,202,240
2025-09-17 12:00:00,198,243
2025-09-17 13:00:00,192,245
2025-09-17 14:00:00,188,245
2025-09-17 15:00:00,183,246
2025-09-17 16:00:00,174,248
2025-09-17 17:00:00,162,249
2025-09-17 18:00:00,147,250
2025-09-17 19:00:00,132,250
2025-09-17 20:00:00,111,251
2025-09-17 21:00:00,77,251
2025-09-17 22:00:00,49,250
2025-09-17 23:00:00,25,247
2025-09-18 00:00:00,13,245
2025-09-18 01:00:00,6,242
2025-09-18 02:00:00,4,239
2025-09-18 03:00:00,3,237
2025-09-18 04:00:00,4,236
2025-09-18 05:00:00,6,235
2025-09-18 06:00:00,13,234
2025-09-18 07:00:00,36,233
2025-09-18 08:00:00,98,235
2025-09-18 09:00:00,155,237
2025-09-18 10:00:00,197,240
2025-09-18 11:00:00,205,242
2025-09-18 12:00:00,203,245
2025-09-18 13:00:00,194,247
2025-09-18 14:00:00,186,248
2025-09-18 15:00:00,179,249
2025-09-18 16:00:00,170,251
2025-09-18 17:00:00,157,252
2025-09-18 18:00:00,142,252
2025-09-18 19:00:00,128,252
2025-09-18 20:00:00,111,252
2025-09-18 21:00:00,77,252
2025-09-18 22:00:00,49,251
2025-09-18 23:00:00,30,249
2025-09-19 00:00:00,13,242
2025-09-19 01:00:00,6,240
2025-09-19 02:00:00,5,238
2025-09-19 03:00:00,3,236
2025-09-19 04:00:00,3,234
2025-09-19 05:00:00,5,233
2025-09-19 06:00:00,12,232
2025-09-19 07:00:00,37,233
2025-09-19 08:00:00,93,234
2025-09-19 09:00:00,150,236
2025-09-19 10:00:00,183,238
2025-09-19 11:00:00,190,242
2025-09-19 12:00:00,188,244
2025-09-19 13:00:00,182,246
2025-09-19 14:00:00,176,248
2025-09-19 15:00:00,169,248
2025-09-19 16:00:00,160,249
2025-09-19 17:00:00,148,250
2025-09-19 18:00:00,133,250
2025-09-19 19:00:00,119,249
2025-09-19 20:00:00,99,248
2025-09-19 21:00:00,66,248
2025-09-19 22:00:00,44,247
2025-09-19 23:00:00,28,245
2025-09-20 00:00:00,14,241
2025-09-20 01:00:00,6,239
2025-09-20 02:00:00,5,237
2025-09-20 03:00:00,4,235
2025-09-20 04:00:00,4,234
2025-09-20 05:00:00,4,233
2025-09-20 06:00:00,8,232
2025-09-20 07:00:00,19,231
2025-09-20 08:00:00,40,232
2025-09-20 09:00:00,66,233
2025-09-20 10:00:00,101,233
2025-09-20 11:00:00,108,235
2025-09-20 12:00:00,105,236
2025-09-20 13:00:00,101,237
2025-09-20 14:00:00,96,239
2025-09-20 15:00:00,93,241
2025-09-20 16:00:00,93,242
2025-09-20 17:00:00,92,244
2025-09-20 18:00:00,90,245
2025-09-20 19:00:00,87,245
2025-09-20 20:00:00,75,245
2025-09-20 21:00:00,56,245
2025-09-20 22:00:00,43,244
2025-09-20 23:00:00,29,242
2025-09-21 00:00:00,11,240
2025-09-21 01:00:00,6,239
2025-09-21 02:00:00,5,239
2025-09-21 03:00:00,4,237
2025-09-21 04:00:00,4,233
2025-09-21 05:00:00,3,229
2025-09-21 06:00:00,4,228
2025-09-21 07:00:00,11,228
2025-09-21 08:00:00,30,229
2025-09-21 09:00:00,50,230
2025-09-21 10:00:00,71,231
2025-09-21 11:00:00,72,232
2025-09-21 12:00:00,69,233
2025-09-21 13:00:00,68,235
2025-09-21 14:00:00,67,237
2025-09-21 15:00:00,68,240
2025-09-21 16:00:00,72,242
2025-09-21 17:00:00,77,243
2025-09-21 18:00:00,81,244
2025-09-21 19:00:00,83,244
2025-09-21 20:00:00,82,243
2025-09-21 21:00:00,72,243
2025-09-21 22:00:00,49,242
2025-09-21 23:00:00,29,242
2025-09-22 00:00:00,7,234
2025-09-22 01:00:00,4,236
2025-09-22 02:00:00,3,237
2025-09-22 03:00:00,2,236
2025-09-22 04:00:00,2,234
2025-09-22 05:00:00,4,232
2025-09-22 06:00:00,8,229
2025-09-22 07:00:00,28,229
2025-09-22 08:00:00,98,231
2025-09-22 09:00:00,164,233
2025-09-22 10:00:00,196,234
2025-09-22 11:00:00,201,237
2025-09-22 12:00:00,197,239
2025-09-22 13:00:00,189,241
2025-09-22 14:00:00,178,242
2025-09-22 15:00:00,168,242
2025-09-22 16:00:00,158,241
2025-09-22 17:00:00,147,240
2025-09-22 18:00:00,133,239
2025-09-22 19:00:00,119,238
2025-09-22 20:00:00,105,237
2025-09-22 21:00:00,74,236
2025-09-22 22:00:00,41,235
2025-09-22 23:00:00,19,235
2025-09-23 00:00:00,10,244
2025-09-23 01:00:00,5,242
2025-09-23 02:00:00,4,240
2025-09-23 03:00:00,3,238
2025-09-23 04:00:00,4,237
2025-09-23 05:00:00,5,236
2025-09-23 06:00:00,11,235
2025-09-23 07:00:00,30,234
2025-09-23 08:00:00,90,235
2025-09-23 09:00:00,152,237
2025-09-23 10:00:00,194,239
2025-09-23 11:00:00,200,242
2025-09-23 12:00:00,196,245
2025-09-23 13:00:00,189,246
2025-09-23 14:00:00,180,248
2025-09-23 15:00:00,174,248
2025-09-23 16:00:00,165,248
2025-09-23 17:00:00,153,248
2025-09-23 18:00:00,140,248
2025-09-23 19:00:00,126,248
2025-09-23 20:00:00,112,249
2025-09-23 21:00:00,80,249
2025-09-23 22:00:00,51,248
2025-09-23 23:00:00,24,246
2025-09-24 00:00:00,12,245
2025-09-24 01:00:00,7,242
2025-09-24 02:00:00,5,240
2025-09-24 03:00:00,4,238
2025-09-24 04:00:00,4,236
2025-09-24 05:00:00,5,234
2025-09-24 06:00:00,10,233
2025-09-24 07:00:00,28,233
2025-09-24 08:00:00,89,234
2025-09-24 09:00:00,150,236
2025-09-24 10:00:00,193,238
2025-09-24 11:00:00,202,240
2025-09-24 12:00:00,198,243
2025-09-24 13:00:00,192,245
2025-09-24 14:00:00,188,245
2025-09-24 15:00:00,183,246
2025-09-24 16:00:00,174,248
2025-09-24 17:00:00,162,249
2025-09-24 18:00:00,147,250
2025-09-24 19:00:00,132,250
2025-09-24 20:00:00,111,251
2025-09-24 21:00:00,77,251
2025-09-24 22:00:00,49,250
2025-09-24 23:00:00,25,247
2025-09-25 00:00:00,13,245
2025-09-25 01:00:00,6,242
2025-09-25 02:00:00,4,239
2025-09-25 03:00:00,3,237
2025-09-25 04:00:00,4,236
2025-09-25 05:00:00,6,235
2025-09-25 06:00:00,13,234
2025-09-25 07:00:00,36,233
2025-09-25 08:00:00,98,235
2025-09-25 09:00:00,155,237
2025-09-25 10:00:00,197,240
2025-09-25 11:00:00,205,242
2025-09-25 12:00:00,203,245
2025-09-25 13:00:00,194,247
2025-09-25 14:00:00,186,248
2025-09-25 15:00:00,179,249
2025-09-25 16:00:00,170,251
2025-09-25 17:00:00,157,252
2025-09-25 18:00:00,142,252
2025-09-25 19:00:00,128,252
2025-09-25 20:00:00,111,252
2025-09-25 21:00:00,77,252
2025-09-25 22:00:00,49,251
2025-09-25 23:00:00,30,249
2025-09-26 00:00:00,13,242
2025-09-26 01:00:00,6,240
2025-09-26 02:00:00,5,238
2025-09-26 03:00:00,3,236
2025-09-26 04:00:00,3,234
2025-09-26 05:00:00,5,233
2025-09-26 06:00:00,12,232
2025-09-26 07:00:00,37,233
2025-09-26 08:00:00,93,234
2025-09-26 09:00:00,150,236
2025-09-26 10:00:00,183,238
2025-09-26 11:00:00,190,242
2025-09-26 12:00:00,188,244
2025-09-26 13:00:00,182,246
2025-09-26 14:00:00,176,248
2025-09-26 15:00:00,169,248
2025-09-26 16:00:00,160,249
2025-09-26 17:00:00,148,250
2025-09-26 18:00:00,133,250
2025-09-26 19:00:00,119,249
2025-09-26 20:00:00,99,248
2025-09-26 21:00:00,66,248
2025-09-26 22:00:00,44,247
2025-09-26 23:00:00,28,245
2025-09-27 00:00:00,14,241
2025-09-27 01:00:00,6,239
2025-09-27 02:00:00,5,237
2025-09-27 03:00:00,4,235
2025-09-27 04:00:00,4,234
2025-09-27 05:00:00,4,233
2025-09-27 06:00:00,8,232
2025-09-27 07:00:00,19,231
2025-09-27 08:00:00,40,232
2025-09-27 09:00:00,66,233
2025-09-27 10:00:00,101,233
2025-09-27 11:00:00,108,235
2025-09-27 12:00:00,105,236
2025-09-27 13:00:00,101,237
2025-09-27 14:00:00,96,239
2025-09-27 15:00:00,93,241
2025-09-27 16:00:00,93,242
2025-09-27 17:00:00,92,244
2025-09-27 18:00:00,90,245
2025-09-27 19:00:00,87,245
2025-09-27 20:00:00,75,245
2025-09-27 21:00:00,56,245
2025-09-27 22:00:00,43,244
2025-09-27 23:00:00,29,242
2025-09-28 00:00:00,11,240
2025-09-28 01:00:00,6,239
2025-09-28 02:00:00,5,239
2025-09-28 03:00:00,4,237
2025-09-28 04:00:00,4,233
2025-09-28 05:00:00,3,229
2025-09-28 06:00:00,4,228
2025-09-28 07:00:00,11,228
2025-09-28 08:00:00,30,229
2025-09-28 09:00:00,50,230
2025-09-28 10:00:00,71,231
2025-09-28 11:00:00,72,232
2025-09-28 12:00:00,69,233
2025-09-28 13:00:00,68,235
2025-09-28 14:00:00,67,237
2025-09-28 15:00:00,68,240
2025-09-28 16:00:00,72,242
2025-09-28 17:00:00,77,243
2025-09-28 18:00:00,81,244
2025-09-28 19:00:00,83,244
2025-09-28 20:00:00,82,243
2025-09-28 21:00:00,72,243
2025-09-28 22:00:00,49,242
2025-09-28 23:00:00,29,242
2025-09-29 00:00:00,7,234
2025-09-29 01:00:00,4,236
2025-09-29 02:00:00,3,237
2025-09-29 03:00:00,2,236
2025-09-29 04:00:00,2,234
2025-09-29 05:00:00,4,232
2025-09-29 06:00:00,8,229
2025-09-29 07:00:00,28,229
2025-09-29 08:00:00,98,231
2025-09-29 09:00:00,164,233
2025-09-29 10:00:00,196,234
2025-09-29 11:00:00,201,237
2025-09-29 12:00:00,197,239
2025-09-29 13:00:00,189,241
2025-09-29 14:00:00,178,242
2025-09-29 15:00:00,168,242
2025-09-29 16:00:00,158,241
2025-09-29 17:00:00,147,240
2025-09-29 18:00:00,133,239
2025-09-29 19:00:00,119,238
2025-09-29 20:00:00,105,237
2025-09-29 21:00:00,74,236
2025-09-29 22:00:00,41,235
2025-09-29 23:00:00,19,235
2025-09-30 00:00:00,10,244
2025-09-30 01:00:00,5,242
2025-09-30 02:00:00,4,240
2025-09-30 03:00:00,3,238
2025-09-30 04:00:00,4,237
2025-09-30 05:00:00,5,236
2025-09-30 06:00:00,11,235
2025-09-30 07:00:00,30,234
2025-09-30 08:00:00,90,235
2025-09-30 09:00:00,152,237
2025-09-30 10:00:00,194,239
2025-09-30 11:00:00,200,242
2025-09-30 12:00:00,196,245
2025-09-30 13:00:00,189,246
2025-09-30 14:00:00,180,248
2025-09-30 15:00:00,174,248
2025-09-30 16:00:00,165,248
2025-09-30 17:00:00,153,248
2025-09-30 18:00:00,140,248
2025-09-30 19:00:00,126,248
2025-09-30 20:00:00,112,249
2025-09-30 21:00:00,80,249
2025-09-30 22:00:00,51,248
2025-09-30 23:00:00,24,246
2025-10-01 00:00:00,11,248
2025-10-01 01:00:00,6,248
2025-10-01 02:00:00,4,247
2025-10-01 03:00:00,3,245
2025-10-01 04:00:00,3,242
2025-10-01 05:00:00,4,239
2025-10-01 06:00:00,8,234
2025-10-01 07:00:00,25,230
2025-10-01 08:00:00,85,230
2025-10-01 09:00:00,143,231
2025-10-01 10:00:00,179,233
2025-10-01 11:00:00,184,235
2025-10-01 12:00:00,182,237
2025-10-01 13:00:00,177,239
2025-10-01 14:00:00,172,240
2025-10-01 15:00:00,168,242
2025-10-01 16:00:00,162,245
2025-10-01 17:00:00,153,247
2025-10-01 18:00:00,141,249
2025-10-01 19:00:00,128,251
2025-10-01 20:00:00,113,253
2025-10-01 21:00:00,75,253
2025-10-01 22:00:00,42,251
2025-10-01 23:00:00,23,249
2025-10-02 00:00:00,12,248
2025-10-02 01:00:00,6,246
2025-10-02 02:00:00,4,244
2025-10-02 03:00:00,3,242
2025-10-02 04:00:00,4,240
2025-10-02 05:00:00,5,236
2025-10-02 06:00:00,12,231
2025-10-02 07:00:00,37,230
2025-10-02 08:00:00,96,231
2025-10-02 09:00:00,154,233
2025-10-02 10:00:00,191,235
2025-10-02 11:00:00,195,237
2025-10-02 12:00:00,192,239
2025-10-02 13:00:00,184,241
2025-10-02 14:00:00,175,242
2025-10-02 15:00:00,168,243
2025-10-02 16:00:00,161,246
2025-10-02 17:00:00,151,248
2025-10-02 18:00:00,138,251
2025-10-02 19:00:00,124,253
2025-10-02 20:00:00,110,255
2025-10-02 21:00:00,75,256
2025-10-02 22:00:00,47,254
2025-10-02 23:00:00,25,251
2025-10-03 00:00:00,13,247
2025-10-03 01:00:00,6,244
2025-10-03 02:00:00,4,242
2025-10-03 03:00:00,3,239
2025-10-03 04:00:00,3,236
2025-10-03 05:00:00,5,232
2025-10-03 06:00:00,11,230
2025-10-03 07:00:00,38,229
2025-10-03 08:00:00,94,230
2025-10-03 09:00:00,149,232
2025-10-03 10:00:00,175,234
2025-10-03 11:00:00,178,238
2025-10-03 12:00:00,176,240
2025-10-03 13:00:00,170,242
2025-10-03 14:00:00,164,243
2025-10-03 15:00:00,159,244
2025-10-03 16:00:00,154,246
2025-10-03 17:00:00,145,248
2025-10-03 18:00:00,133,249
2025-10-03 19:00:00,118,251
2025-10-03 20:00:00,103,252
2025-10-03 21:00:00,68,253
2025-10-03 22:00:00,44,252
2025-10-03 23:00:00,26,250
2025-10-04 00:00:00,12,242
2025-10-04 01:00:00,6,244
2025-10-04 02:00:00,4,244
2025-10-04 03:00:00,4,242
2025-10-04 04:00:00,3,239
2025-10-04 05:00:00,4,235
2025-10-04 06:00:00,7,231
2025-10-04 07:00:00,17,229
2025-10-04 08:00:00,31,229
2025-10-04 09:00:00,60,229
2025-10-04 10:00:00,96,230
2025-10-04 11:00:00,101,231
2025-10-04 12:00:00,98,232
2025-10-04 13:00:00,94,233
2025-10-04 14:00:00,90,236
2025-10-04 15:00:00,88,238
2025-10-04 16:00:00,86,240
2025-10-04 17:00:00,85,242
2025-10-04 18:00:00,84,244
2025-10-04 19:00:00,81,245
2025-10-04 20:00:00,76,246
2025-10-04 21:00:00,56,246
2025-10-04 22:00:00,40,245
2025-10-04 23:00:00,26,244
2025-10-05 00:00:00,11,248
2025-10-05 01:00:00,6,249
2025-10-05 02:00:00,5,248
2025-10-05 03:00:00,4,245
2025-10-05 04:00:00,4,241
2025-10-05 05:00:00,3,235
2025-10-05 06:00:00,4,231
2025-10-05 07:00:00,9,226
2025-10-05 08:00:00,23,225
2025-10-05 09:00:00,41,226
2025-10-05 10:00:00,65,228
2025-10-05 11:00:00,69,229
2025-10-05 12:00:00,64,231
2025-10-05 13:00:00,62,233
2025-10-05 14:00:00,63,236
2025-10-05 15:00:00,64,238
2025-10-05 16:00:00,68,240
2025-10-05 17:00:00,73,243
2025-10-05 18:00:00,77,244
2025-10-05 19:00:00,79,245
2025-10-05 20:00:00,78,245
2025-10-05 21:00:00,62,246
2025-10-05 22:00:00,44,246
2025-10-05 23:00:00,26,245
2025-10-06 00:00:00,6,242
2025-10-06 01:00:00,4,243
2025-10-06 02:00:00,3,243
2025-10-06 03:00:00,2,242
2025-10-06 04:00:00,2,239
2025-10-06 05:00:00,3,236
2025-10-06 06:00:00,7,233
2025-10-06 07:00:00,27,228
2025-10-06 08:00:00,98,227
2025-10-06 09:00:00,152,228
2025-10-06 10:00:00,175,230
2025-10-06 11:00:00,178,232
2025-10-06 12:00:00,174,234
2025-10-06 13:00:00,167,235
2025-10-06 14:00:00,158,235
2025-10-06 15:00:00,148,236
2025-10-06 16:00:00,142,236
2025-10-06 17:00:00,133,236
2025-10-06 18:00:00,121,235
2025-10-06 19:00:00,109,236
2025-10-06 20:00:00,96,237
2025-10-06 21:00:00,62,237
2025-10-06 22:00:00,32,237
2025-10-06 23:00:00,15,238
2025-10-07 00:00:00,11,245
2025-10-07 01:00:00,6,242
2025-10-07 02:00:00,4,240
2025-10-07 03:00:00,3,238
2025-10-07 04:00:00,4,235
2025-10-07 05:00:00,5,232
2025-10-07 06:00:00,10,232
2025-10-07 07:00:00,28,231
2025-10-07 08:00:00,92,232
2025-10-07 09:00:00,149,233
2025-10-07 10:00:00,184,235
2025-10-07 11:00:00,188,238
2025-10-07 12:00:00,186,240
2025-10-07 13:00:00,181,242
2025-10-07 14:00:00,171,242
2025-10-07 15:00:00,166,242
2025-10-07 16:00:00,160,242
2025-10-07 17:00:00,150,244
2025-10-07 18:00:00,138,246
2025-10-07 19:00:00,126,248
2025-10-07 20:00:00,112,251
2025-10-07 21:00:00,74,251
2025-10-07 22:00:00,46,251
2025-10-07 23:00:00,24,249
2025-10-08 00:00:00,11,248
2025-10-08 01:00:00,6,248
2025-10-08 02:00:00,4,247
2025-10-08 03:00:00,3,245
2025-10-08 04:00:00,3,242
2025-10-08 05:00:00,4,239
2025-10-08 06:00:00,8,234
2025-10-08 07:00:00,25,230
2025-10-08 08:00:00,85,230
2025-10-08 09:00:00,143,231
2025-10-08 10:00:00,179,233
2025-10-08 11:00:00,184,235
2025-10-08 12:00:00,182,237
2025-10-08 13:00:00,177,239
2025-10-08 14:00:00,172,240
2025-10-08 15:00:00,168,242
2025-10-08 16:00:00,162,245
2025-10-08 17:00:00,153,247
2025-10-08 18:00:00,141,249
2025-10-08 19:00:00,128,251
2025-10-08 20:00:00,113,253
2025-10-08 21:00:00,75,253
2025-10-08 22:00:00,42,251
2025-10-08 23:00:00,23,249
2025-10-09 00:00:00,12,248
2025-10-09 01:00:00,6,246
2025-10-09 02:00:00,4,244
2025-10-09 03:00:00,3,242
2025-10-09 04:00:00,4,240
2025-10-09 05:00:00,5,236
2025-10-09 06:00:00,12,231
2025-10-09 07:00:00,37,230
2025-10-09 08:00:00,96,231
2025-10-09 09:00:00,154,233
2025-10-09 10:00:00,191,235
2025-10-09 11:00:00,195,237
2025-10-09 12:00:00,192,239
2025-10-09 13:00:00,184,241
2025-10-09 14:00:00,175,242
2025-10-09 15:00:00,168,243
2025-10-09 16:00:00,161,246
2025-10-09 17:00:00,151,248
2025-10-09 18:00:00,138,251
2025-10-09 19:00:00,124,253
2025-10-09 20:00:00,110,255
2025-10-09 21:00:00,75,256
2025-10-09 22:00:00,47,254
2025-10-09 23:00:00,25,251
2025-10-10 00:00:00,13,247
2025-10-10 01:00:00,6,244
2025-10-10 02:00:00,4,242
2025-10-10 03:00:00,3,239
2025-10-10 04:00:00,3,236
2025-10-10 05:00:00,5,232
2025-10-10 06:00:00,11,230
2025-10-10 07:00:00,38,229
2025-10-10 08:00:00,94,230
2025-10-10 09:00:00,149,232
2025-10-10 10:00:00,175,234
2025-10-10 11:00:00,178,238
2025-10-10 12:00:00,176,240
2025-10-10 13:00:00,170,242
2025-10-10 14:00:00,164,243
2025-10-10 15:00:00,159,244
2025-10-10 16:00:00,154,246
2025-10-10 17:00:00,145,248
2025-10-10 18:00:00,133,249
2025-10-10 19:00:00,118,251
2025-10-10 20:00:00,103,252
2025-10-10 21:00:00,68,253
2025-10-10 22:00:00,44,252
2025-10-10 23:00:00,26,250
2025-10-11 00:00:00,12,242
2025-10-11 01:00:00,6,244
2025-10-11 02:00:00,4,244
2025-10-11 03:00:00,4,242
2025-10-11 04:00:00,3,239
2025-10-11 05:00:00,4,235
2025-10-11 06:00:00,7,231
2025-10-11 07:00:00,17,229
2025-10-11 08:00:00,31,229
2025-10-11 09:00:00,60,229
2025-10-11 10:00:00,96,230
2025-10-11 11:00:00,101,231
2025-10-11 12:00:00,98,232
2025-10-11 13:00:00,94,233
2025-10-11 14:00:00,90,236
2025-10-11 15:00:00,88,238
2025-10-11 16:00:00,86,240
2025-10-11 17:00:00,85,242
2025-10-11 18:00:00,84,244
2025-10-11 19:00:00,81,245
2025-10-11 20:00:00,76,246
2025-10-11 21:00:00,56,246
2025-10-11 22:00:00,40,245
2025-10-11 23:00:00,26,244
2025-10-12 00:00:00,11,248
2025-10-12 01:00:00,6,249
2025-10-12 02:00:00,5,248
2025-10-12 03:00:00,4,245
2025-10-12 04:00:00,4,241
2025-10-12 05:00:00,3,235
2025-10-12 06:00:00,4,231
2025-10-12 07:00:00,9,226
2025-10-12 08:00:00,23,225
2025-10-12 09:00:00,41,226
2025-10-12 10:00:00,65,228
2025-10-12 11:00:00,69,229
2025-10-12 12:00:00,64,231
2025-10-12 13:00:00,62,233
2025-10-12 14:00:00,63,236
2025-10-12 15:00:00,64,238
2025-10-12 16:00:00,68,240
2025-10-12 17:00:00,73,243
2025-10-12 18:00:00,77,244
2025-10-12 19:00:00,79,245
2025-10-12 20:00:00,78,245
2025-10-12 21:00:00,62,246
2025-10-12 22:00:00,44,246
2025-10-12 23:00:00,26,245
2025-10-13 00:00:00,6,242
2025-10-13 01:00:00,4,243
2025-10-13 02:00:00,3,243
2025-10-13 03:00:00,2,242
2025-10-13 04:00:00,2,239
2025-10-13 05:00:00,3,236
2025-10-13 06:00:00,7,233
2025-10-13 07:00:00,27,228
2025-10-13 08:00:00,98,227
2025-10-13 09:00:00,152,228
2025-10-13 10:00:00,175,230
2025-10-13 11:00:00,178,232
2025-10-13 12:00:00,174,234
2025-10-13 13:00:00,167,235
2025-10-13 14:00:00,158,235
2025-10-13 15:00:00,148,236
2025-10-13 16:00:00,142,236
2025-10-13 17:00:00,133,236
2025-10-13 18:00:00,121,235
2025-10-13 19:00:00,109,236
2025-10-13 20:00:00,96,237
2025-10-13 21:00:00,62,237
2025-10-13 22:00:00,32,237
2025-10-13 23:00:00,15,238
2025-10-14 00:00:00,11,245
2025-10-14 01:00:00,6,242
2025-10-14 02:00:00,4,240
2025-10-14 03:00:00,3,238
2025-10-14 04:00:00,4,235
2025-10-14 05:00:00,5,232
2025-10-14 06:00:00,10,232
2025-10-14 07:00:00,28,231
2025-10-14 08:00:00,92,232
2025-10-14 09:00:00,149,233
2025-10-14 10:00:00,184,235
2025-10-14 11:00:00,188,238
2025-10-14 12:00:00,186,240
2025-10-14 13:00:00,181,242
2025-10-14 14:00:00,171,242
2025-10-14 15:00:00,166,242
2025-10-14 16:00:00,160,242
2025-10-14 17:00:00,150,244
2025-10-14 18:00:00,138,246
2025-10-14 19:00:00,126,248
2025-10-14 20:00:00,112,251
2025-10-14 21:00:00,74,251
2025-10-14 22:00:00,46,251
2025-10-14 23:00:00,24,249
2025-10-15 00:00:00,11,248
2025-10-15 01:00:00,6,248
2025-10-15 02:00:00,4,247
2025-10-15 03:00:00,3,245
2025-10-15 04:00:00,3,242
2025-10-15 05:00:00,4,239
2025-10-15 06:00:00,8,234
2025-10-15 07:00:00,25,230
2025-10-15 08:00:00,85,230
2025-10-15 09:00:00,143,231
2025-10-15 10:00:00,179,233
2025-10-15 11:00:00,184,235
2025-10-15 12:00:00,182,237
2025-10-15 13:00:00,177,239
2025-10-15 14:00:00,172,240
2025-10-15 15:00:00,168,242
2025-10-15 16:00:00,162,245
2025-10-15 17:00:00,153,247
2025-10-15 18:00:00,141,249
2025-10-15 19:00:00,128,251
2025-10-15 20:00:00,113,253
2025-10-15 21:00:00,75,253
2025-10-15 22:00:00,42,251
2025-10-15 23:00:00,23,249
2025-10-16 00:00:00,12,248
2025-10-16 01:00:00,6,246
2025-10-16 02:00:00,4,244
2025-10-16 03:00:00,3,242
2025-10-16 04:00:00,4,240
2025-10-16 05:00:00,5,236
2025-10-16 06:00:00,12,231
2025-10-16 07:00:00,37,230
2025-10-16 08:00:00,96,231
2025-10-16 09:00:00,154,233
2025-10-16 10:00:00,191,235
2025-10-16 11:00:00,195,237
2025-10-16 12:00:00,192,239
2025-10-16 13:00:00,184,241
2025-10-16 14:00:00,175,242
2025-10-16 15:00:00,168,243
2025-10-16 16:00:00,161,246
2025-10-16 17:00:00,151,248
2025-10-16 18:00:00,138,251
2025-10-16 19:00:00,124,253
2025-10-16 20:00:00,110,255
2025-10-16 21:00:00,75,256
2025-10-16 22:00:00,47,254
2025-10-16 23:00:00,25,251
2025-10-17 00:00:00,13,247
2025-10-17 01:00:00,6,244
2025-10-17 02:00:00,4,242
2025-10-17 03:00:00,3,239
2025-10-17 04:00:00,3,236
2025-10-17 05:00:00,5,232
2025-10-17 06:00:00,11,230
2025-10-17 07:00:00,38,229
2025-10-17 08:00:00,94,230
2025-10-17 09:00:00,149,232
2025-10-17 10:00:00,175,234
2025-10-17 11:00:00,178,238
2025-10-17 12:00:00,176,240
2025-10-17 13:00:00,170,242
2025-10-17 14:00:00,164,243
2025-10-17 15:00:00,159,244
2025-10-17 16:00:00,154,246
2025-10-17 17:00:00,145,248
2025-10-17 18:00:00,133,249
2025-10-17 19:00:00,118,251
2025-10-17 20:00:00,103,252
2025-10-17 21:00:00,68,253
2025-10-17 22:00:00,44,252
2025-10-17 23:00:00,26,250
2025-10-18 00:00:00,12,242
2025-10-18 01:00:00,6,244
2025-10-18 02:00:00,4,244
2025-10-18 03:00:00,4,242
2025-10-18 04:00:00,3,239
2025-10-18 05:00:00,4,235
2025-10-18 06:00:00,7,231
2025-10-18 07:00:00,17,229
2025-10-18 08:00:00,31,229
2025-10-18 09:00:00,60,229
2025-10-18 10:00:00,96,230
2025-10-18 11:00:00,101,231
2025-10-18 12:00:00,98,232
2025-10-18 13:00:00,94,233
2025-10-18 14:00:00,90,236
2025-10-18 15:00:00,88,238
2025-10-18 16:00:00,86,240
2025-10-18 17:00:00,85,242
2025-10-18 18:00:00,84,244
2025-10-18 19:00:00,81,245
2025-10-18 20:00:00,76,246
2025-10-18 21:00:00,56,246
2025-10-18 22:00:00,40,245
2025-10-18 23:00:00,26,244
2025-10-19 00:00:00,11,248
2025-10-19 01:00:00,6,249
2025-10-19 02:00:00,5,248
2025-10-19 03:00:00,4,245
2025-10-19 04:00:00,4,241
2025-10-19 05:00:00,3,235
2025-10-19 06:00:00,4,231
2025-10-19 07:00:00,9,226
2025-10-19 08:00:00,23,225
2025-10-19 09:00:00,41,226
2025-10-19 10:00:00,65,228
2025-10-19 11:00:00,69,229
2025-10-19 12:00:00,64,231
2025-10-19 13:00:00,62,233
2025-10-19 14:00:00,63,236
2025-10-19 15:00:00,64,238
2025-10-19 16:00:00,68,240
2025-10-19 17:00:00,73,243
2025-10-19 18:00:00,77,244
2025-10-19 19:00:00,79,245
2025-10-19 20:00:00,78,245
2025-10-19 21:00:00,62,246
2025-10-19 22:00:00,44,246
2025-10-19 23:00:00,26,245
2025-10-20 00:00:00,6,242
2025-10-20 01:00:00,4,243
2025-10-20 02:00:00,3,243
2025-10-20 03:00:00,2,242
2025-10-20 04:00:00,2,239
2025-10-20 05:00:00,3,236
2025-10-20 06:00:00,7,233
2025-10-20 07:00:00,27,228
2025-10-20 08:00:00,98,227
2025-10-20 09:00:00,152,228
2025-10-20 10:00:00,175,230
2025-10-20 11:00:00,178,232
2025-10-20 12:00:00,174,234
2025-10-20 13:00:00,167,235
2025-10-20 14:00:00,158,235
2025-10-20 15:00:00,148,236
2025-10-20 16:00:00,142,236
2025-10-20 17:00:00,133,236
2025-10-20 18:00:00,121,235
2025-10-20 19:00:00,109,236
2025-10-20 20:00:00,96,237
2025-10-20 21:00:00,62,237
2025-10-20 22:00:00,32,237
2025-10-20 23:00:00,15,238
2025-10-21 00:00:00,11,245
2025-10-21 01:00:00,6,242
2025-10-21 02:00:00,4,240
2025-10-21 03:00:00,3,238
2025-10-21 04:00:00,4,235
2025-10-21 05:00:00,5,232
2025-10-21 06:00:00,10,232
2025-10-21 07:00:00,28,231
2025-10-21 08:00:00,92,232
2025-10-21 09:00:00,149,233
2025-10-21 10:00:00,184,235
2025-10-21 11:00:00,188,238
2025-10-21 12:00:00,186,240
2025-10-21 13:00:00,181,242
2025-10-21 14:00:00,171,242
2025-10-21 15:00:00,166,242
2025-10-21 16:00:00,160,242
2025-10-21 17:00:00,150,244
2025-10-21 18:00:00,138,246
2025-10-21 19:00:00,126,248
2025-10-21 20:00:00,112,251
2025-10-21 21:00:00,74,251
2025-10-21 22:00:00,46,251
2025-10-21 23:00:00,24,249
2025-10-22 00:00:00,11,248
2025-10-22 01:00:00,6,248
2025-10-22 02:00:00,4,247
2025-10-22 03:00:00,3,245
2025-10-22 04:00:00,3,242
2025-10-22 05:00:00,4,239
2025-10-22 06:00:00,8,234
2025-10-22 07:00:00,25,230
2025-10-22 08:00:00,85,230
2025-10-22 09:00:00,143,231
2025-10-22 10:00:00,179,233
2025-10-22 11:00:00,184,235
2025-10-22 12:00:00,182,237
2025-10-22 13:00:00,177,239
2025-10-22 14:00:00,172,240
2025-10-22 15:00:00,168,242
2025-10-22 16:00:00,162,245
2025-10-22 17:00:00,153,247
2025-10-22 18:00:00,141,249
2025-10-22 19:00:00,128,251
2025-10-22 20:00:00,113,253
2025-10-22 21:00:00,75,253
2025-10-22 22:00:00,42,251
2025-10-22 23:00:00,23,249
2025-10-23 00:00:00,12,248
2025-10-23 01:00:00,6,246
2025-10-23 02:00:00,4,244
2025-10-23 03:00:00,3,242
2025-10-23 04:00:00,4,240
2025-10-23 05:00:00,5,236
2025-10-23 06:00:00,12,231
2025-10-23 07:00:00,37,230
2025-10-23 08:00:00,96,231
2025-10-23 09:00:00,154,233
2025-10-23 10:00:00,191,235
2025-10-23 11:00:00,195,237
2025-10-23 12:00:00,192,239
2025-10-23 13:00:00,184,241
2025-10-23 14:00:00,175,242
2025-10-23 15:00:00,168,243
2025-10-23 16:00:00,161,246
2025-10-23 17:00:00,151,248
2025-10-23 18:00:00,138,251
2025-10-23 19:00:00,124,253
2025-10-23 20:00:00,110,255
2025-10-23 21:00:00,75,256
2025-10-23 22:00:00,47,254
2025-10-23 23:00:00,25,251
2025-10-24 00:00:00,13,247
2025-10-24 01:00:00,6,244
2025-10-24 02:00:00,4,242
2025-10-24 03:00:00,3,239
2025-10-24 04:00:00,3,236
2025-10-24 05:00:00,5,232
2025-10-24 06:00:00,11,230
2025-10-24 07:00:00,38,229
2025-10-24 08:00:00,94,230
2025-10-24 09:00:00,149,232
2025-10-24 10:00:00,175,234
2025-10-24 11:00:00,178,238
2025-10-24 12:00:00,176,240
2025-10-24 13:00:00,170,242
2025-10-24 14:00:00,164,243
2025-10-24 15:00:00,159,244
2025-10-24 16:00:00,154,246
2025-10-24 17:00:00,145,248
2025-10-24 18:00:00,133,249
2025-10-24 19:00:00,118,251
2025-10-24 20:00:00,103,252
2025-10-24 21:00:00,68,253
2025-10-24 22:00:00,44,252
2025-10-24 23:00:00,26,250
2025-10-25 00:00:00,12,242
2025-10-25 01:00:00,6,244
2025-10-25 02:00:00,4,244
2025-10-25 03:00:00,4,242
2025-10-25 04:00:00,3,239
2025-10-25 05:00:00,4,235
2025-10-25 06:00:00,7,231
2025-10-25 07:00:00,17,229
2025-10-25 08:00:00,31,229
2025-10-25 09:00:00,60,229
2025-10-25 10:00:00,96,230
2025-10-25 11:00:00,101,231
2025-10-25 12:00:00,98,232
2025-10-25 13:00:00,94,233
2025-10-25 14:00:00,90,236
2025-10-25 15:00:00,88,238
2025-10-25 16:00:00,86,240
2025-10-25 17:00:00,85,242
2025-10-25 18:00:00,84,244
2025-10-25 19:00:00,81,245
2025-10-25 20:00:00,76,246
2025-10-25 21:00:00,56,246
2025-10-25 22:00:00,40,245
2025-10-25 23:00:00,26,244
2025-10-26 00:00:00,11,248
2025-10-26 01:00:00,6,249
2025-10-26 02:00:00,5,248
2025-10-26 03:00:00,4,245
2025-10-26 04:00:00,4,241
2025-10-26 05:00:00,3,235
2025-10-26 06:00:00,4,231
2025-10-26 07:00:00,9,226
2025-10-26 08:00:00,23,225
2025-10-26 09:00:00,41,226
2025-10-26 10:00:00,65,228
2025-10-26 11:00:00,69,229
2025-10-26 12:00:00,64,231
2025-10-26 13:00:00,62,233
2025-10-26 14:00:00,63,236
2025-10-26 15:00:00,64,238
2025-10-26 16:00:00,68,240
2025-10-26 17:00:00,73,243
2025-10-26 18:00:00,77,244
2025-10-26 19:00:00,79,245
2025-10-26 20:00:00,78,245
2025-10-26 21:00:00,62,246
2025-10-26 22:00:00,44,246
2025-10-26 23:00:00,26,245
2025-10-27 00:00:00,6,242
2025-10-27 01:00:00,4,243
2025-10-27 02:00:00,3,243
2025-10-27 03:00:00,2,242
2025-10-27 04:00:00,2,239
2025-10-27 05:00:00,3,236
2025-10-27 06:00:00,7,233
2025-10-27 07:00:00,27,228
2025-10-27 08:00:00,98,227
2025-10-27 09:00:00,152,228
2025-10-27 10:00:00,175,230
2025-10-27 11:00:00,178,232
2025-10-27 12:00:00,174,234
2025-10-27 13:00:00,167,235
2025-10-27 14:00:00,158,235
2025-10-27 15:00:00,148,236
2025-10-27 16:00:00,142,236
2025-10-27 17:00:00,133,236
2025-10-27 18:00:00,121,235
2025-10-27 19:00:00,109,236
2025-10-27 20:00:00,96,237
2025-10-27 21:00:00,62,237
2025-10-27 22:00:00,32,237
2025-10-27 23:00:00,15,238
2025-10-28 00:00:00,11,245
2025-10-28 01:00:00,6,242
2025-10-28 02:00:00,4,240
2025-10-28 03:00:00,3,238
2025-10-28 04:00:00,4,235
2025-10-28 05:00:00,5,232
2025-10-28 06:00:00,10,232
2025-10-28 07:00:00,28,231
2025-10-28 08:00:00,92,232
2025-10-28 09:00:00,149,233
2025-10-28 10:00:00,184,235
2025-10-28 11:00:00,188,238
2025-10-28 12:00:00,186,240
2025-10-28 13:00:00,181,242
2025-10-28 14:00:00,171,242
2025-10-28 15:00:00,166,242
2025-10-28 16:00:00,160,242
2025-10-28 17:00:00,150,244
2025-10-28 18:00:00,138,246
2025-10-28 19:00:00,126,248
2025-10-28 20:00:00,112,251
2025-10-28 21:00:00,74,251
2025-10-28 22:00:00,46,251
2025-10-28 23:00:00,24,249
2025-10-29 00:00:00,11,248
2025-10-29 01:00:00,6,248
2025-10-29 02:00:00,4,247
2025-10-29 03:00:00,3,245
2025-10-29 04:00:00,3,242
2025-10-29 05:00:00,4,239
2025-10-29 06:00:00,8,234
2025-10-29 07:00:00,25,230
2025-10-29 08:00:00,85,230
2025-10-29 09:00:00,143,231
2025-10-29 10:00:00,179,233
2025-10-29 11:00:00,184,235
2025-10-29 12:00:00,182,237
2025-10-29 13:00:00,177,239
2025-10-29 14:00:00,172,240
2025-10-29 15:00:00,168,242
2025-10-29 16:00:00,162,245
2025-10-29 17:00:00,153,247
2025-10-29 18:00:00,141,249
2025-10-29 19:00:00,128,251
2025-10-29 20:00:00,113,253
2025-10-29 21:00:00,75,253
2025-10-29 22:00:00,42,251
2025-10-29 23:00:00,23,249
2025-10-30 00:00:00,12,248
2025-10-30 01:00:00,6,246
2025-10-30 02:00:00,4,244
2025-10-30 03:00:00,3,242
2025-10-30 04:00:00,4,240
2025-10-30 05:00:00,5,236
2025-10-30 06:00:00,12,231
2025-10-30 07:00:00,37,230
2025-10-30 08:00:00,96,231
2025-10-30 09:00:00,154,233
2025-10-30 10:00:00,191,235
2025-10-30 11:00:00,195,237
2025-10-30 12:00:00,192,239
2025-10-30 13:00:00,184,241
2025-10-30 14:00:00,175,242
2025-10-30 15:00:00,168,243
2025-10-30 16:00:00,161,246
2025-10-30 17:00:00,151,248
2025-10-30 18:00:00,138,251
2025-10-30 19:00:00,124,253
2025-10-30 20:00:00,110,255
2025-10-30 21:00:00,75,256
2025-10-30 22:00:00,47,254
2025-10-30 23:00:00,25,251
2025-10-31 00:00:00,13,247
2025-10-31 01:00:00,6,244
2025-10-31 02:00:00,4,242
2025-10-31 03:00:00,3,239
2025-10-31 04:00:00,3,236
2025-10-31 05:00:00,5,232
2025-10-31 06:00:00,11,230
2025-10-31 07:00:00,38,229
2025-10-31 08:00:00,94,230
2025-10-31 09:00:00,149,232
2025-10-31 10:00:00,175,234
2025-10-31 11:00:00,178,238
2025-10-31 12:00:00,176,240
2025-10-31 13:00:00,170,242
2025-10-31 14:00:00,164,243
2025-10-31 15:00:00,159,244
2025-10-31 16:00:00,154,246
2025-10-31 17:00:00,145,248
2025-10-31 18:00:00,133,249
2025-10-31 19:00:00,118,251
2025-10-31 20:00:00,103,252
2025-10-31 21:00:00,68,253
2025-10-31 22:00:00,44,252
2025-10-31 23:00:00,26,250
2025-11-01 00:00:00,12,243
2025-11-01 01:00:00,5,243
2025-11-01 02:00:00,4,243
2025-11-01 03:00:00,3,242
2025-11-01 04:00:00,3,239
2025-11-01 05:00:00,4,235
2025-11-01 06:00:00,9,231
2025-11-01 07:00:00,21,229
2025-11-01 08:00:00,38,228
2025-11-01 09:00:00,67,229
2025-11-01 10:00:00,103,229
2025-11-01 11:00:00,113,230
2025-11-01 12:00:00,107,231
2025-11-01 13:00:00,99,232
2025-11-01 14:00:00,92,234
2025-11-01 15:00:00,89,236
2025-11-01 16:00:00,87,238
2025-11-01 17:00:00,85,240
2025-11-01 18:00:00,83,242
2025-11-01 19:00:00,81,244
2025-11-01 20:00:00,77,246
2025-11-01 21:00:00,62,246
2025-11-01 22:00:00,41,245
2025-11-01 23:00:00,25,244
2025-11-02 00:00:00,12,244
2025-11-02 01:00:00,6,246
2025-11-02 02:00:00,5,245
2025-11-02 03:00:00,4,242
2025-11-02 04:00:00,3,238
2025-11-02 05:00:00,3,234
2025-11-02 06:00:00,5,229
2025-11-02 07:00:00,15,225
2025-11-02 08:00:00,36,225
2025-11-02 09:00:00,63,226
2025-11-02 10:00:00,82,226
2025-11-02 11:00:00,82,227
2025-11-02 12:00:00,75,229
2025-11-02 13:00:00,69,231
2025-11-02 14:00:00,66,234
2025-11-02 15:00:00,64,236
2025-11-02 16:00:00,68,239
2025-11-02 17:00:00,72,242
2025-11-02 18:00:00,76,244
2025-11-02 19:00:00,78,245
2025-11-02 20:00:00,79,245
2025-11-02 21:00:00,75,244
2025-11-02 22:00:00,53,243
2025-11-02 23:00:00,31,242
2025-11-03 00:00:00,11,238
2025-11-03 01:00:00,6,241
2025-11-03 02:00:00,5,242
2025-11-03 03:00:00,3,241
2025-11-03 04:00:00,3,239
2025-11-03 05:00:00,5,236
2025-11-03 06:00:00,11,231
2025-11-03 07:00:00,39,227
2025-11-03 08:00:00,118,226
2025-11-03 09:00:00,176,228
2025-11-03 10:00:00,195,230
2025-11-03 11:00:00,200,231
2025-11-03 12:00:00,197,233
2025-11-03 13:00:00,189,235
2025-11-03 14:00:00,178,236
2025-11-03 15:00:00,167,237
2025-11-03 16:00:00,158,237
2025-11-03 17:00:00,148,237
2025-11-03 18:00:00,136,237
2025-11-03 19:00:00,123,236
2025-11-03 20:00:00,112,236
2025-11-03 21:00:00,95,235
2025-11-03 22:00:00,59,234
2025-11-03 23:00:00,27,234
2025-11-04 00:00:00,11,242
2025-11-04 01:00:00,6,239
2025-11-04 02:00:00,4,237
2025-11-04 03:00:00,3,235
2025-11-04 04:00:00,4,233
2025-11-04 05:00:00,5,231
2025-11-04 06:00:00,11,230
2025-11-04 07:00:00,33,229
2025-11-04 08:00:00,101,230
2025-11-04 09:00:00,160,231
2025-11-04 10:00:00,181,233
2025-11-04 11:00:00,184,235
2025-11-04 12:00:00,180,237
2025-11-04 13:00:00,174,239
2025-11-04 14:00:00,163,240
2025-11-04 15:00:00,155,240
2025-11-04 16:00:00,147,240
2025-11-04 17:00:00,138,241
2025-11-04 18:00:00,129,241
2025-11-04 19:00:00,118,242
2025-11-04 20:00:00,107,243
2025-11-04 21:00:00,91,244
2025-11-04 22:00:00,57,244
2025-11-04 23:00:00,26,243
2025-11-05 00:00:00,11,247
2025-11-05 01:00:00,6,247
2025-11-05 02:00:00,4,246
2025-11-05 03:00:00,4,243
2025-11-05 04:00:00,3,240
2025-11-05 05:00:00,5,236
2025-11-05 06:00:00,9,231
2025-11-05 07:00:00,28,229
2025-11-05 08:00:00,96,230
2025-11-05 09:00:00,157,231
2025-11-05 10:00:00,178,233
2025-11-05 11:00:00,183,235
2025-11-05 12:00:00,180,237
2025-11-05 13:00:00,173,239
2025-11-05 14:00:00,164,240
2025-11-05 15:00:00,157,242
2025-11-05 16:00:00,150,244
2025-11-05 17:00:00,140,246
2025-11-05 18:00:00,128,248
2025-11-05 19:00:00,117,249
2025-11-05 20:00:00,107,250
2025-11-05 21:00:00,88,251
2025-11-05 22:00:00,51,250
2025-11-05 23:00:00,24,248
2025-11-06 00:00:00,13,246
2025-11-06 01:00:00,6,243
2025-11-06 02:00:00,4,242
2025-11-06 03:00:00,3,240
2025-11-06 04:00:00,4,238
2025-11-06 05:00:00,6,234
2025-11-06 06:00:00,13,231
2025-11-06 07:00:00,45,230
2025-11-06 08:00:00,109,231
2025-11-06 09:00:00,163,233
2025-11-06 10:00:00,188,234
2025-11-06 11:00:00,191,236
2025-11-06 12:00:00,187,239
2025-11-06 13:00:00,178,241
2025-11-06 14:00:00,167,242
2025-11-06 15:00:00,159,243
2025-11-06 16:00:00,151,244
2025-11-06 17:00:00,141,246
2025-11-06 18:00:00,128,248
2025-11-06 19:00:00,116,249
2025-11-06 20:00:00,106,251
2025-11-06 21:00:00,86,251
2025-11-06 22:00:00,54,250
2025-11-06 23:00:00,27,248
2025-11-07 00:00:00,12,244
2025-11-07 01:00:00,6,240
2025-11-07 02:00:00,4,237
2025-11-07 03:00:00,3,236
2025-11-07 04:00:00,3,233
2025-11-07 05:00:00,5,229
2025-11-07 06:00:00,12,228
2025-11-07 07:00:00,38,229
2025-11-07 08:00:00,96,230
2025-11-07 09:00:00,153,231
2025-11-07 10:00:00,175,233
2025-11-07 11:00:00,179,235
2025-11-07 12:00:00,176,237
2025-11-07 13:00:00,168,239
2025-11-07 14:00:00,158,241
2025-11-07 15:00:00,151,241
2025-11-07 16:00:00,143,243
2025-11-07 17:00:00,134,245
2025-11-07 18:00:00,122,247
2025-11-07 19:00:00,110,248
2025-11-07 20:00:00,99,248
2025-11-07 21:00:00,78,249
2025-11-07 22:00:00,47,248
2025-11-07 23:00:00,26,246
2025-11-08 00:00:00,12,243
2025-11-08 01:00:00,5,243
2025-11-08 02:00:00,4,243
2025-11-08 03:00:00,3,242
2025-11-08 04:00:00,3,239
2025-11-08 05:00:00,4,235
2025-11-08 06:00:00,9,231
2025-11-08 07:00:00,21,229
2025-11-08 08:00:00,38,228
2025-11-08 09:00:00,67,229
2025-11-08 10:00:00,103,229
2025-11-08 11:00:00,113,230
2025-11-08 12:00:00,107,231
2025-11-08 13:00:00,99,232
2025-11-08 14:00:00,92,234
2025-11-08 15:00:00,89,236
2025-11-08 16:00:00,87,238
2025-11-08 17:00:00,85,240
2025-11-08 18:00:00,83,242
2025-11-08 19:00:00,81,244
2025-11-08 20:00:00,77,246
2025-11-08 21:00:00,62,246
2025-11-08 22:00:00,41,245
2025-11-08 23:00:00,25,244
2025-11-09 00:00:00,12,244
2025-11-09 01:00:00,6,246
2025-11-09 02:00:00,5,245
2025-11-09 03:00:00,4,242
2025-11-09 04:00:00,3,238
2025-11-09 05:00:00,3,234
2025-11-09 06:00:00,5,229
2025-11-09 07:00:00,15,225
2025-11-09 08:00:00,36,225
2025-11-09 09:00:00,63,226
2025-11-09 10:00:00,82,226
2025-11-09 11:00:00,82,227
2025-11-09 12:00:00,75,229
2025-11-09 13:00:00,69,231
2025-11-09 14:00:00,66,234
2025-11-09 15:00:00,64,236
2025-11-09 16:00:00,68,239
2025-11-09 17:00:00,72,242
2025-11-09 18:00:00,76,244
2025-11-09 19:00:00,78,245
2025-11-09 20:00:00,79,245
2025-11-09 21:00:00,75,244
2025-11-09 22:00:00,53,243
2025-11-09 23:00:00,31,242
2025-11-10 00:00:00,11,238
2025-11-10 01:00:00,6,241
2025-11-10 02:00:00,5,242
2025-11-10 03:00:00,3,241
2025-11-10 04:00:00,3,239
2025-11-10 05:00:00,5,236
2025-11-10 06:00:00,11,231
2025-11-10 07:00:00,39,227
2025-11-10 08:00:00,118,226
2025-11-10 09:00:00,176,228
2025-11-10 10:00:00,195,230
2025-11-10 11:00:00,200,231
2025-11-10 12:00:00,197,233
2025-11-10 13:00:00,189,235
2025-11-10 14:00:00,178,236
2025-11-10 15:00:00,167,237
2025-11-10 16:00:00,158,237
2025-11-10 17:00:00,148,237
2025-11-10 18:00:00,136,237
2025-11-10 19:00:00,123,236
2025-11-10 20:00:00,112,236
2025-11-10 21:00:00,95,235
2025-11-10 22:00:00,59,234
2025-11-10 23:00:00,27,234
2025-11-11 00:00:00,11,242
2025-11-11 01:00:00,6,239
2025-11-11 02:00:00,4,237
2025-11-11 03:00:00,3,235
2025-11-11 04:00:00,4,233
2025-11-11 05:00:00,5,231
2025-11-11 06:00:00,11,230
2025-11-11 07:00:00,33,229
2025-11-11 08:00:00,101,230
2025-11-11 09:00:00,160,231
2025-11-11 10:00:00,181,233
2025-11-11 11:00:00,184,235
2025-11-11 12:00:00,180,237
2025-11-11 13:00:00,174,239
2025-11-11 14:00:00,163,240
2025-11-11 15:00:00,155,240
2025-11-11 16:00:00,147,240
2025-11-11 17:00:00,138,241
2025-11-11 18:00:00,129,241
2025-11-11 19:00:00,118,242
2025-11-11 20:00:00,107,243
2025-11-11 21:00:00,91,244
2025-11-11 22:00:00,57,244
2025-11-11 23:00:00,26,243
2025-11-12 00:00:00,11,247
2025-11-12 01:00:00,6,247
2025-11-12 02:00:00,4,246
2025-11-12 03:00:00,4,243
2025-11-12 04:00:00,3,240
2025-11-12 05:00:00,5,236
2025-11-12 06:00:00,9,231
2025-11-12 07:00:00,28,229
2025-11-12 08:00:00,96,230
2025-11-12 09:00:00,157,231
2025-11-12 10:00:00,178,233
2025-11-12 11:00:00,183,235
2025-11-12 12:00:00,180,237
2025-11-12 13:00:00,173,239
2025-11-12 14:00:00,164,240
2025-11-12 15:00:00,157,242
2025-11-12 16:00:00,150,244
2025-11-12 17:00:00,140,246
2025-11-12 18:00:00,128,248
2025-11-12 19:00:00,117,249
2025-11-12 20:00:00,107,250
2025-11-12 21:00:00,88,251
2025-11-12 22:00:00,51,250
2025-11-12 23:00:00,24,248
2025-11-13 00:00:00,13,246
2025-11-13 01:00:00,6,243
2025-11-13 02:00:00,4,242
2025-11-13 03:00:00,3,240
2025-11-13 04:00:00,4,238
2025-11-13 05:00:00,6,234
2025-11-13 06:00:00,13,231
2025-11-13 07:00:00,45,230
2025-11-13 08:00:00,109,231
2025-11-13 09:00:00,163,233
2025-11-13 10:00:00,188,234
2025-11-13 11:00:00,191,236
2025-11-13 12:00:00,187,239
2025-11-13 13:00:00,178,241
2025-11-13 14:00:00,167,242
2025-11-13 15:00:00,159,243
2025-11-13 16:00:00,151,244
2025-11-13 17:00:00,141,246
2025-11-13 18:00:00,128,248
2025-11-13 19:00:00,116,249
2025-11-13 20:00:00,106,251
2025-11-13 21:00:00,86,251
2025-11-13 22:00:00,54,250
2025-11-13 23:00:00,27,248
2025-11-14 00:00:00,12,244
2025-11-14 01:00:00,6,240
2025-11-14 02:00:00,4,237
2025-11-14 03:00:00,3,236
2025-11-14 04:00:00,3,233
2025-11-14 05:00:00,5,229
2025-11-14 06:00:00,12,228
2025-11-14 07:00:00,38,229
2025-11-14 08:00:00,96,230
2025-11-14 09:00:00,153,231
2025-11-14 10:00:00,175,233
2025-11-14 11:00:00,179,235
2025-11-14 12:00:00,176,237
2025-11-14 13:00:00,168,239
2025-11-14 14:00:00,158,241
2025-11-14 15:00:00,151,241
2025-11-14 16:00:00,143,243
2025-11-14 17:00:00,134,245
2025-11-14 18:00:00,122,247
2025-11-14 19:00:00,110,248
2025-11-14 20:00:00,99,248
2025-11-14 21:00:00,78,249
2025-11-14 22:00:00,47,248
2025-11-14 23:00:00,26,246
2025-11-15 00:00:00,12,243
2025-11-15 01:00:00,5,243
2025-11-15 02:00:00,4,243
2025-11-15 03:00:00,3,242
2025-11-15 04:00:00,3,239
2025-11-15 05:00:00,4,235
2025-11-15 06:00:00,9,231
2025-11-15 07:00:00,21,229
2025-11-15 08:00:00,38,228
2025-11-15 09:00:00,67,229
2025-11-15 10:00:00,103,229
2025-11-15 11:00:00,113,230
2025-11-15 12:00:00,107,231
2025-11-15 13:00:00,99,232
2025-11-15 14:00:00,92,234
2025-11-15 15:00:00,89,236
2025-11-15 16:00:00,87,238
2025-11-15 17:00:00,85,240
2025-11-15 18:00:00,83,242
2025-11-15 19:00:00,81,244
2025-11-15 20:00:00,77,246
2025-11-15 21:00:00,62,246
2025-11-15 22:00:00,41,245
2025-11-15 23:00:00,25,244
2025-11-16 00:00:00,12,244
2025-11-16 01:00:00,6,246
2025-11-16 02:00:00,5,245
2025-11-16 03:00:00,4,242
2025-11-16 04:00:00,3,238
2025-11-16 05:00:00,3,234
2025-11-16 06:00:00,5,229
2025-11-16 07:00:00,15,225
2025-11-16 08:00:00,36,225
2025-11-16 09:00:00,63,226
2025-11-16 10:00:00,82,226
2025-11-16 11:00:00,82,227
2025-11-16 12:00:00,75,229
2025-11-16 13:00:00,69,231
2025-11-16 14:00:00,66,234
2025-11-16 15:00:00,64,236
2025-11-16 16:00:00,68,239
2025-11-16 17:00:00,72,242
2025-11-16 18:00:00,76,244
2025-11-16 19:00:00,78,245
2025-11-16 20:00:00,79,245
2025-11-16 21:00:00,75,244
2025-11-16 22:00:00,53,243
2025-11-16 23:00:00,31,242
2025-11-17 00:00:00,11,238
2025-11-17 01:00:00,6,241
2025-11-17 02:00:00,5,242
2025-11-17 03:00:00,3,241
2025-11-17 04:00:00,3,239
2025-11-17 05:00:00,5,236
2025-11-17 06:00:00,11,231
2025-11-17 07:00:00,39,227
2025-11-17 08:00:00,118,226
2025-11-17 09:00:00,176,228
2025-11-17 10:00:00,195,230
2025-11-17 11:00:00,200,231
2025-11-17 12:00:00,197,233
2025-11-17 13:00:00,189,235
2025-11-17 14:00:00,178,236
2025-11-17 15:00:00,167,237
2025-11-17 16:00:00,158,237
2025-11-17 17:00:00,148,237
2025-11-17 18:00:00,136,237
2025-11-17 19:00:00,123,236
2025-11-17 20:00:00,112,236
2025-11-17 21:00:00,95,235
2025-11-17 22:00:00,59,234
2025-11-17 23:00:00,27,234
2025-11-18 00:00:00,11,242
2025-11-18 01:00:00,6,239
2025-11-18 02:00:00,4,237
2025-11-18 03:00:00,3,235
2025-11-18 04:00:00,4,233
2025-11-18 05:00:00,5,231
2025-11-18 06:00:00,11,230
2025-11-18 07:00:00,33,229
2025-11-18 08:00:00,101,230
2025-11-18 09:00:00,160,231
2025-11-18 10:00:00,181,233
2025-11-18 11:00:00,184,235
2025-11-18 12:00:00,180,237
2025-11-18 13:00:00,174,239
2025-11-18 14:00:00,163,240
2025-11-18 15:00:00,155,240
2025-11-18 16:00:00,147,240
2025-11-18 17:00:00,138,241
2025-11-18 18:00:00,129,241
2025-11-18 19:00:00,118,242
2025-11-18 20:00:00,107,243
2025-11-18 21:00:00,91,244
2025-11-18 22:00:00,57,244
2025-11-18 23:00:00,26,243
2025-11-19 00:00:00,11,247
2025-11-19 01:00:00,6,247
2025-11-19 02:00:00,4,246
2025-11-19 03:00:00,4,243
2025-11-19 04:00:00,3,240
2025-11-19 05:00:00,5,236
2025-11-19 06:00:00,9,231
2025-11-19 07:00:00,28,229
2025-11-19 08:00:00,96,230
2025-11-19 09:00:00,157,231
2025-11-19 10:00:00,178,233
2025-11-19 11:00:00,183,235
2025-11-19 12:00:00,180,237
2025-11-19 13:00:00,173,239
2025-11-19 14:00:00,164,240
2025-11-19 15:00:00,157,242
2025-11-19 16:00:00,150,244
2025-11-19 17:00:00,140,246
2025-11-19 18:00:00,128,248
2025-11-19 19:00:00,117,249
2025-11-19 20:00:00,107,250
2025-11-19 21:00:00,88,251
2025-11-19 22:00:00,51,250
2025-11-19 23:00:00,24,248
2025-11-20 00:00:00,13,246
2025-11-20 01:00:00,6,243
2025-11-20 02:00:00,4,242
2025-11-20 03:00:00,3,240
2025-11-20 04:00:00,4,238
2025-11-20 05:00:00,6,234
2025-11-20 06:00:00,13,231
2025-11-20 07:00:00,45,230
2025-11-20 08:00:00,109,231
2025-11-20 09:00:00,163,233
2025-11-20 10:00:00,188,234
2025-11-20 11:00:00,191,236
2025-11-20 12:00:00,187,239
2025-11-20 13:00:00,178,241
2025-11-20 14:00:00,167,242
2025-11-20 15:00:00,159,243
2025-11-20 16:00:00,151,244
2025-11-20 17:00:00,141,246
2025-11-20 18:00:00,128,248
2025-11-20 19:00:00,116,249
2025-11-20 20:00:00,106,251
2025-11-20 21:00:00,86,251
2025-11-20 22:00:00,54,250
2025-11-20 23:00:00,27,248
2025-11-21 00:00:00,12,244
2025-11-21 01:00:00,6,240
2025-11-21 02:00:00,4,237
2025-11-21 03:00:00,3,236
2025-11-21 04:00:00,3,233
2025-11-21 05:00:00,5,229
2025-11-21 06:00:00,12,228
2025-11-21 07:00:00,38,229
2025-11-21 08:00:00,96,230
2025-11-21 09:00:00,153,231
2025-11-21 10:00:00,175,233
2025-11-21 11:00:00,179,235
2025-11-21 12:00:00,176,237
2025-11-21 13:00:00,168,239
2025-11-21 14:00:00,158,241
2025-11-21 15:00:00,151,241
2025-11-21 16:00:00,143,243
2025-11-21 17:00:00,134,245
2025-11-21 18:00:00,122,247
2025-11-21 19:00:00,110,248
2025-11-21 20:00:00,99,248
2025-11-21 21:00:00,78,249
2025-11-21 22:00:00,47,248
2025-11-21 23:00:00,26,246
2025-11-22 00:00:00,12,243
2025-11-22 01:00:00,5,243
2025-11-22 02:00:00,4,243
2025-11-22 03:00:00,3,242
2025-11-22 04:00:00,3,239
2025-11-22 05:00:00,4,235
2025-11-22 06:00:00,9,231
2025-11-22 07:00:00,21,229
2025-11-22 08:00:00,38,228
2025-11-22 09:00:00,67,229
2025-11-22 10:00:00,103,229
2025-11-22 11:00:00,113,230
2025-11-22 12:00:00,107,231
2025-11-22 13:00:00,99,232
2025-11-22 14:00:00,92,234
2025-11-22 15:00:00,89,236
2025-11-22 16:00:00,87,238
2025-11-22 17:00:00,85,240
2025-11-22 18:00:00,83,242
2025-11-22 19:00:00,81,244
2025-11-22 20:00:00,77,246
2025-11-22 21:00:00,62,246
2025-11-22 22:00:00,41,245
2025-11-22 23:00:00,25,244
2025-11-23 00:00:00,12,244
2025-11-23 01:00:00,6,246
2025-11-23 02:00:00,5,245
2025-11-23 03:00:00,4,242
2025-11-23 04:00:00,3,238
2025-11-23 05:00:00,3,234
2025-11-23 06:00:00,5,229
2025-11-23 07:00:00,15,225
2025-11-23 08:00:00,36,225
2025-11-23 09:00:00,63,226
2025-11-23 10:00:00,82,226
2025-11-23 11:00:00,82,227
2025-11-23 12:00:00,75,229
2025-11-23 13:00:00,69,231
2025-11-23 14:00:00,66,234
2025-11-23 15:00:00,64,236
2025-11-23 16:00:00,68,239
2025-11-23 17:00:00,72,242
2025-11-23 18:00:00,76,244
2025-11-23 19:00:00,78,245
2025-11-23 20:00:00,79,245
2025-11-23 21:00:00,75,244
2025-11-23 22:00:00,53,243
2025-11-23 23:00:00,31,242
2025-11-24 00:00:00,11,238
2025-11-24 01:00:00,6,241
2025-11-24 02:00:00,5,242
2025-11-24 03:00:00,3,241
2025-11-24 04:00:00,3,239
2025-11-24 05:00:00,5,236
2025-11-24 06:00:00,11,231
2025-11-24 07:00:00,39,227
2025-11-24 08:00:00,118,226
2025-11-24 09:00:00,176,228
2025-11-24 10:00:00,195,230
2025-11-24 11:00:00,200,231
2025-11-24 12:00:00,197,233
2025-11-24 13:00:00,189,235
2025-11-24 14:00:00,178,236
2025-11-24 15:00:00,167,237
2025-11-24 16:00:00,158,237
2025-11-24 17:00:00,148,237
2025-11-24 18:00:00,136,237
2025-11-24 19:00:00,123,236
2025-11-24 20:00:00,112,236
2025-11-24 21:00:00,95,235
2025-11-24 22:00:00,59,234
2025-11-24 23:00:00,27,234
2025-11-25 00:00:00,11,242
2025-11-25 01:00:00,6,239
2025-11-25 02:00:00,4,237
2025-11-25 03:00:00,3,235
2025-11-25 04:00:00,4,233
2025-11-25 05:00:00,5,231
2025-11-25 06:00:00,11,230
2025-11-25 07:00:00,33,229
2025-11-25 08:00:00,101,230
2025-11-25 09:00:00,160,231
2025-11-25 10:00:00,181,233
2025-11-25 11:00:00,184,235
2025-11-25 12:00:00,180,237
2025-11-25 13:00:00,174,239
2025-11-25 14:00:00,163,240
2025-11-25 15:00:00,155,240
2025-11-25 16:00:00,147,240
2025-11-25 17:00:00,138,241
2025-11-25 18:00:00,129,241
2025-11-25 19:00:00,118,242
2025-11-25 20:00:00,107,243
2025-11-25 21:00:00,91,244
2025-11-25 22:00:00,57,244
2025-11-25 23:00:00,26,243
2025-11-26 00:00:00,11,247
2025-11-26 01:00:00,6,247
2025-11-26 02:00:00,4,246
2025-11-26 03:00:00,4,243
2025-11-26 04:00:00,3,240
2025-11-26 05:00:00,5,236
2025-11-26 06:00:00,9,231
2025-11-26 07:00:00,28,229
2025-11-26 08:00:00,96,230
2025-11-26 09:00:00,157,231
2025-11-26 10:00:00,178,233
2025-11-26 11:00:00,183,235
2025-11-26 12:00:00,180,237
2025-11-26 13:00:00,173,239
2025-11-26 14:00:00,164,240
2025-11-26 15:00:00,157,242
2025-11-26 16:00:00,150,244
2025-11-26 17:00:00,140,246
2025-11-26 18:00:00,128,248
2025-11-26 19:00:00,117,249
2025-11-26 20:00:00,107,250
2025-11-26 21:00:00,88,251
2025-11-26 22:00:00,51,250
2025-11-26 23:00:00,24,248
2025-11-27 00:00:00,13,246
2025-11-27 01:00:00,6,243
2025-11-27 02:00:00,4,242
2025-11-27 03:00:00,3,240
2025-11-27 04:00:00,4,238
2025-11-27 05:00:00,6,234
2025-11-27 06:00:00,13,231
2025-11-27 07:00:00,45,230
2025-11-27 08:00:00,109,231
2025-11-27 09:00:00,163,233
2025-11-27 10:00:00,188,234
2025-11-27 11:00:00,191,236
2025-11-27 12:00:00,187,239
2025-11-27 13:00:00,178,241
2025-11-27 14:00:00,167,242
2025-11-27 15:00:00,159,243
2025-11-27 16:00:00,151,244
2025-11-27 17:00:00,141,246
2025-11-27 18:00:00,128,248
2025-11-27 19:00:00,116,249
2025-11-27 20:00:00,106,251
2025-11-27 21:00:00,86,251
2025-11-27 22:00:00,54,250
2025-11-27 23:00:00,27,248
2025-11-28 00:00:00,12,244
2025-11-28 01:00:00,6,240
2025-11-28 02:00:00,4,237
2025-11-28 03:00:00,3,236
2025-11-28 04:00:00,3,233
2025-11-28 05:00:00,5,229
2025-11-28 06:00:00,12,228
2025-11-28 07:00:00,38,229
2025-11-28 08:00:00,96,230
2025-11-28 09:00:00,153,231
2025-11-28 10:00:00,175,233
2025-11-28 11:00:00,179,235
2025-11-28 12:00:00,176,237
2025-11-28 13:00:00,168,239
2025-11-28 14:00:00,158,241
2025-11-28 15:00:00,151,241
2025-11-28 16:00:00,143,243
2025-11-28 17:00:00,134,245
2025-11-28 18:00:00,122,247
2025-11-28 19:00:00,110,248
2025-11-28 20:00:00,99,248
2025-11-28 21:00:00,78,249
2025-11-28 22:00:00,47,248
2025-11-28 23:00:00,26,246
2025-11-29 00:00:00,12,243
2025-11-29 01:00:00,5,243
2025-11-29 02:00:00,4,243
2025-11-29 03:00:00,3,242
2025-11-29 04:00:00,3,239
2025-11-29 05:00:00,4,235
2025-11-29 06:00:00,9,231
2025-11-29 07:00:00,21,229
2025-11-29 08:00:00,38,228
2025-11-29 09:00:00,67,229
2025-11-29 10:00:00,103,229
2025-11-29 11:00:00,113,230
2025-11-29 12:00:00,107,231
2025-11-29 13:00:00,99,232
2025-11-29 14:00:00,92,234
2025-11-29 15:00:00,89,236
2025-11-29 16:00:00,87,238
2025-11-29 17:00:00,85,240
2025-11-29 18:00:00,83,242
2025-11-29 19:00:00,81,244
2025-11-29 20:00:00,77,246
2025-11-29 21:00:00,62,246
2025-11-29 22:00:00,41,245
2025-11-29 23:00:00,25,244
2025-11-30 00:00:00,12,244
2025-11-30 01:00:00,6,246
2025-11-30 02:00:00,5,245
2025-11-30 03:00:00,4,242
2025-11-30 04:00:00,3,238
2025-11-30 05:00:00,3,234
2025-11-30 06:00:00,5,229
2025-11-30 07:00:00,15,225
2025-11-30 08:00:00,36,225
2025-11-30 09:00:00,63,226
2025-11-30 10:00:00,82,226
2025-11-30 11:00:00,82,227
2025-11-30 12:00:00,75,229
2025-11-30 13:00:00,69,231
2025-11-30 14:00:00,66,234
2025-11-30 15:00:00,64,236
2025-11-30 16:00:00,68,239
2025-11-30 17:00:00,72,242
2025-11-30 18:00:00,76,244
2025-11-30 19:00:00,78,245
2025-11-30 20:00:00,79,245
2025-11-30 21:00:00,75,244
2025-11-30 22:00:00,53,243
2025-11-30 23:00:00,31,242
